100,0,1,2,3,4,5,6,7,8,9,10,11,12,13,14,15,16,17,18,19,20,21,22,23,24,25,26,27,28,29,30,31,32,33,34,35,36,37,38,39,40,41,42,43,44,45,46,47,48,49,50,51,52,53,54,55,56,57,58,59,60,61,62,63,64,65,66,67,68,69,70,71,72,73,74,75,76,77,78,79,80,81,82,83,84,85,86,87,88,89,90,91,92,93,94,95,96,97,98,99
,0,1,2,3,4,5,6,7,8,9,10,11,12,13,14,15,16,17,18,19,20,21,22,23,24,25,26,27,28,29,30,31,32,33,34,35,36,37,38,39,40,41,42,43,44,45,46,47,48,49,50,51,52,53,54,55,56,57,58,59,60,61,62,63,64,65,66,67,68,69,70,71,72,73,74,75,76,77,78,79,80,81,82,83,84,85,86,87,88,89,90,91,92,93,94,95,96,97,98,99
0,-1,-1,-1,-1,-1,-1,-1,-1,-1,-1,-1,-1,-1,-1,-1,-1,-1,-1,-1,-1,-1,-1,-1,-1,-1,-1,-1,-1,-1,-1,-1,-1,-1,-1,-1,-1,-1,-1,-1,-1,-1,-1,-1,-1,-1,-1,-1,-1,-1,-1,-1,-1,-1,-1,-1,-1,-1,-1,-1,-1,-1,-1,-1,-1,-1,-1,-1,-1,-1,-1,-1,71,-1,-1,-1,-1,-1,-1,-1,79,-1,-1,-1,-1,-1,-1,86,-1,-1,-1,-1,-1,-1,-1,-1,-1,-1,-1,-1,-1
1,-1,-1,-1,-1,-1,-1,-1,-1,-1,-1,-1,-1,-1,-1,-1,-1,-1,-1,-1,-1,-1,-1,-1,-1,-1,-1,-1,-1,-1,-1,-1,-1,-1,-1,-1,-1,-1,-1,-1,-1,-1,-1,-1,-1,-1,-1,-1,-1,-1,-1,-1,-1,-1,-1,-1,-1,-1,-1,-1,-1,-1,-1,-1,-1,-1,-1,-1,-1,-1,-1,-1,327,-1,-1,-1,-1,-1,-1,-1,335,-1,-1,-1,-1,-1,-1,342,-1,-1,-1,-1,-1,-1,-1,-1,-1,-1,-1,-1,-1
2,-1,-1,-1,-1,-1,-1,-1,-1,-1,-1,-1,-1,-1,-1,-1,-1,-1,-1,-1,-1,-1,-1,-1,-1,-1,-1,-1,-1,-1,-1,-1,-1,-1,-1,-1,-1,-1,-1,-1,-1,-1,-1,-1,-1,-1,-1,-1,-1,-1,-1,-1,-1,-1,-1,-1,-1,-1,-1,-1,-1,-1,-1,-1,-1,-1,-1,-1,-1,-1,-1,-1,583,-1,-1,-1,-1,-1,-1,-1,591,-1,-1,-1,-1,-1,-1,598,-1,-1,-1,-1,-1,-1,-1,-1,-1,-1,-1,-1,-1
3,-1,-1,-1,24 24 32 32,32 24 40 32,40 24 48 32,48 24 56 32,56 24 64 32,64 24 72 32,72 24 80 32,80 24 88 32,88 24 96 32,96 24 104 32,104 24 112 32,112 24 120 32,120 24 128 32,128 24 136 32,136 24 144 32,144 24 152 32,152 24 160 32,160 24 168 32,168 24 176 32,176 24 184 32,184 24 192 32,192 24 200 32,200 24 208 32,208 24 216 32,216 24 224 32,224 24 232 32,-1,-1,-1,-1,-1,-1,-1,-1,-1,-1,-1,-1,-1,-1,-1,-1,-1,-1,-1,-1,-1,-1,-1,-1,-1,-1,-1,-1,-1,-1,-1,-1,-1,-1,-1,-1,-1,-1,-1,-1,-1,-1,839,-1,-1,-1,-1,-1,-1,-1,847,-1,-1,-1,-1,-1,-1,854,-1,-1,-1,-1,-1,-1,-1,-1,-1,-1,-1,-1,-1
4,-1,-1,-1,24 32 32 40,-1,-1,-1,-1,-1,-1,-1,-1,-1,-1,-1,-1,-1,-1,-1,-1,-1,-1,-1,-1,-1,-1,-1,-1,224 32 232 40,-1,-1,-1,-1,-1,-1,-1,-1,-1,-1,-1,-1,-1,-1,-1,-1,-1,-1,-1,-1,-1,-1,-1,-1,-1,-1,-1,-1,-1,-1,-1,-1,-1,-1,-1,-1,-1,-1,-1,-1,-1,-1,1095,-1,-1,-1,-1,-1,-1,-1,1103,-1,-1,-1,-1,-1,-1,1110,-1,-1,-1,-1,-1,-1,-1,-1,-1,-1,-1,-1,-1
5,-1,-1,-1,24 40 32 48,-1,-1,-1,-1,-1,-1,-1,-1,-1,-1,-1,-1,-1,-1,-1,-1,-1,-1,-1,-1,-1,-1,-1,-1,224 40 232 48,-1,-1,-1,-1,-1,-1,-1,-1,-1,304 40 312 48,312 40 320 48,320 40 328 48,328 40 336 48,336 40 344 48,1323,1324,1325,1326,1327,1328,1329,1330,1331,1332,1333,1334,1335,1336,1337,-1,-1,-1,-1,-1,-1,-1,-1,-1,-1,-1,-1,-1,1351,-1,-1,-1,-1,-1,-1,-1,1359,-1,-1,-1,-1,-1,-1,1366,-1,-1,-1,-1,-1,-1,-1,-1,-1,-1,-1,-1,-1
6,-1,-1,-1,24 48 32 56,-1,-1,-1,-1,-1,-1,-1,-1,-1,-1,-1,-1,-1,-1,-1,-1,-1,-1,-1,-1,-1,-1,-1,-1,224 48 232 56,-1,-1,-1,-1,-1,-1,-1,-1,-1,304 48 312 56,-1,-1,-1,-1,-1,-1,-1,-1,-1,-1,-1,-1,-1,-1,-1,-1,-1,-1,1593,-1,-1,-1,-1,-1,-1,-1,-1,-1,-1,-1,-1,-1,1607,-1,-1,-1,-1,-1,-1,-1,1615,-1,-1,-1,-1,-1,-1,1622,-1,-1,-1,-1,-1,-1,-1,-1,-1,-1,-1,-1,-1
7,-1,-1,-1,24 56 32 64,-1,-1,-1,-1,-1,-1,-1,-1,-1,-1,-1,-1,-1,-1,-1,-1,-1,-1,-1,-1,-1,-1,-1,-1,224 56 232 64,-1,-1,-1,-1,-1,-1,-1,-1,-1,304 56 312 64,-1,-1,-1,-1,-1,-1,-1,-1,-1,-1,-1,-1,-1,-1,-1,-1,-1,-1,1849,-1,-1,-1,-1,-1,-1,-1,-1,-1,-1,-1,-1,-1,1863,-1,-1,-1,-1,-1,-1,-1,1871,-1,-1,-1,-1,-1,-1,1878,-1,-1,-1,-1,-1,-1,-1,-1,-1,-1,-1,-1,-1
8,-1,-1,-1,24 64 32 72,-1,-1,-1,-1,-1,-1,-1,-1,-1,-1,-1,-1,-1,-1,-1,-1,-1,-1,-1,-1,-1,-1,-1,-1,224 64 232 72,-1,-1,-1,-1,-1,-1,-1,-1,-1,304 64 312 72,-1,-1,-1,-1,-1,-1,-1,-1,-1,-1,-1,-1,-1,-1,-1,-1,-1,-1,2105,-1,-1,-1,-1,-1,-1,-1,-1,-1,-1,-1,-1,-1,2119,-1,-1,-1,-1,-1,-1,-1,2127,-1,-1,-1,-1,-1,-1,2134,-1,-1,-1,-1,-1,-1,-1,-1,-1,-1,-1,-1,-1
9,-1,-1,-1,24 72 32 80,-1,-1,-1,-1,-1,-1,-1,-1,-1,-1,-1,-1,-1,-1,-1,-1,-1,-1,-1,-1,-1,-1,-1,-1,224 72 232 80,-1,-1,-1,-1,-1,-1,-1,-1,-1,304 72 312 80,-1,-1,-1,-1,-1,-1,-1,-1,-1,-1,-1,-1,-1,-1,-1,-1,-1,-1,2361,-1,-1,-1,-1,-1,-1,-1,-1,-1,-1,-1,-1,-1,2375,-1,-1,-1,-1,-1,-1,-1,2383,-1,-1,-1,-1,-1,-1,2390,-1,-1,-1,-1,-1,-1,-1,-1,-1,-1,-1,-1,-1
10,-1,-1,-1,24 80 32 88,-1,-1,-1,-1,-1,-1,-1,-1,-1,-1,-1,-1,-1,-1,-1,-1,-1,-1,-1,-1,-1,-1,-1,-1,224 80 232 88,-1,-1,-1,-1,-1,-1,-1,-1,-1,304 80 312 88,-1,-1,-1,-1,-1,-1,-1,-1,-1,-1,-1,-1,-1,-1,-1,-1,-1,-1,2617,-1,-1,-1,-1,-1,-1,-1,-1,-1,-1,-1,-1,-1,2631,-1,-1,-1,-1,-1,-1,-1,2639,-1,-1,-1,-1,-1,-1,2646,-1,-1,-1,-1,-1,-1,-1,-1,-1,-1,-1,-1,-1
11,-1,-1,-1,24 88 32 96,-1,-1,-1,-1,-1,-1,-1,-1,-1,-1,-1,-1,-1,-1,-1,-1,-1,-1,-1,-1,-1,-1,-1,-1,224 88 232 96,-1,-1,-1,-1,-1,-1,-1,-1,-1,304 88 312 96,-1,-1,-1,-1,-1,-1,-1,-1,-1,-1,-1,-1,-1,-1,-1,-1,-1,-1,2873,-1,-1,-1,-1,-1,-1,-1,-1,-1,-1,-1,-1,-1,2887,-1,-1,-1,-1,-1,-1,-1,2895,-1,-1,-1,-1,-1,-1,2902,-1,-1,-1,-1,-1,-1,-1,-1,-1,-1,-1,-1,-1
12,-1,-1,-1,24 96 32 104,-1,-1,-1,-1,-1,-1,-1,-1,96 96 104 104,104 96 112 104,112 96 120 104,120 96 128 104,128 96 136 104,136 96 144 104,144 96 152 104,152 96 160 104,-1,-1,-1,-1,-1,-1,-1,-1,224 96 232 104,-1,-1,-1,-1,-1,-1,-1,-1,-1,304 96 312 104,-1,-1,-1,-1,-1,-1,-1,-1,-1,-1,-1,-1,-1,-1,-1,-1,-1,-1,3129,-1,-1,-1,-1,-1,-1,-1,-1,-1,-1,-1,-1,-1,3143,-1,-1,-1,-1,-1,-1,-1,3151,-1,-1,-1,-1,-1,-1,3158,-1,-1,-1,-1,-1,-1,-1,-1,-1,-1,-1,-1,-1
13,-1,-1,-1,24 104 32 112,-1,-1,-1,-1,-1,-1,-1,-1,96 104 104 112,104 104 112 112,112 104 120 112,120 104 128 112,128 104 136 112,136 104 144 112,144 104 152 112,152 104 160 112,-1,-1,-1,-1,-1,-1,-1,-1,224 104 232 112,-1,-1,-1,-1,-1,-1,-1,-1,-1,304 104 312 112,-1,-1,-1,-1,-1,-1,-1,-1,-1,-1,-1,-1,-1,-1,-1,-1,-1,-1,3385,-1,-1,-1,-1,-1,-1,-1,-1,-1,-1,-1,-1,-1,3399,-1,-1,-1,-1,-1,-1,-1,3407,-1,-1,-1,-1,-1,-1,3414,-1,-1,-1,-1,-1,-1,-1,-1,-1,-1,-1,-1,-1
14,-1,-1,-1,24 112 32 120,-1,-1,-1,-1,-1,-1,-1,-1,-1,-1,-1,-1,-1,-1,-1,-1,-1,-1,-1,-1,-1,-1,-1,-1,224 112 232 120,-1,-1,-1,-1,-1,-1,-1,-1,-1,304 112 312 120,-1,-1,-1,-1,-1,-1,-1,-1,-1,-1,-1,-1,-1,-1,-1,-1,-1,-1,3641,-1,-1,-1,-1,-1,-1,-1,-1,-1,-1,-1,-1,-1,3655,-1,-1,-1,-1,-1,-1,-1,3663,-1,-1,-1,-1,-1,-1,3670,-1,-1,-1,-1,-1,-1,-1,-1,-1,-1,-1,-1,-1
15,-1,-1,-1,24 120 32 128,-1,-1,-1,-1,-1,-1,-1,-1,-1,-1,-1,-1,-1,-1,-1,-1,-1,-1,-1,-1,-1,-1,-1,-1,224 120 232 128,-1,-1,-1,-1,-1,-1,-1,-1,-1,304 120 312 128,-1,-1,-1,-1,-1,-1,-1,-1,-1,-1,-1,-1,-1,-1,-1,-1,-1,-1,3897,-1,-1,-1,-1,-1,-1,-1,-1,-1,-1,-1,-1,-1,3911,-1,-1,-1,-1,-1,-1,-1,3919,-1,-1,-1,-1,-1,-1,3926,-1,-1,-1,-1,-1,-1,-1,-1,-1,-1,-1,-1,-1
16,-1,-1,-1,24 128 32 136,32 128 40 136,40 128 48 136,48 128 56 136,56 128 64 136,-1,-1,-1,-1,-1,-1,-1,-1,-1,-1,-1,-1,-1,-1,-1,-1,-1,-1,-1,-1,224 128 232 136,-1,-1,-1,-1,-1,-1,-1,-1,-1,304 128 312 136,-1,-1,-1,-1,-1,-1,-1,-1,-1,-1,-1,-1,-1,-1,-1,-1,-1,4152,4153,4154,-1,-1,-1,-1,-1,-1,-1,-1,-1,-1,4165,4166,4167,-1,-1,-1,-1,-1,-1,-1,4175,-1,-1,-1,-1,-1,-1,4182,-1,-1,-1,-1,-1,-1,-1,-1,-1,-1,-1,-1,-1
17,-1,-1,-1,-1,-1,40 136 48 144,48 136 56 144,56 136 64 144,-1,-1,-1,-1,-1,-1,-1,-1,-1,-1,-1,-1,-1,-1,-1,-1,-1,-1,-1,-1,224 136 232 144,-1,-1,-1,-1,-1,-1,-1,-1,-1,304 136 312 144,-1,-1,-1,-1,-1,-1,-1,-1,-1,-1,-1,-1,-1,-1,-1,-1,-1,4408,4409,4410,-1,-1,-1,-1,-1,-1,-1,-1,-1,-1,4421,4422,4423,-1,-1,-1,-1,-1,-1,-1,4431,-1,-1,-1,-1,-1,-1,4438,-1,-1,-1,-1,-1,-1,-1,-1,-1,-1,-1,-1,-1
18,-1,-1,-1,-1,-1,40 144 48 152,48 144 56 152,56 144 64 152,-1,-1,-1,-1,-1,-1,-1,-1,-1,-1,-1,-1,-1,-1,-1,-1,-1,-1,-1,-1,224 144 232 152,-1,-1,-1,-1,-1,-1,-1,-1,-1,304 144 312 152,-1,-1,-1,-1,-1,-1,-1,-1,-1,-1,-1,-1,-1,-1,-1,-1,-1,4664,4665,4666,-1,-1,-1,-1,-1,-1,-1,-1,-1,-1,4677,4678,4679,-1,-1,-1,-1,-1,-1,-1,4687,-1,-1,-1,-1,-1,-1,4694,-1,-1,-1,-1,-1,-1,-1,-1,-1,-1,-1,-1,-1
19,-1,-1,-1,-1,-1,40 152 48 160,48 152 56 160,56 152 64 160,-1,-1,-1,-1,-1,-1,-1,-1,-1,-1,-1,-1,-1,-1,-1,-1,-1,-1,-1,-1,224 152 232 160,-1,-1,-1,-1,-1,-1,-1,-1,-1,304 152 312 160,-1,-1,-1,-1,-1,-1,-1,-1,-1,-1,-1,-1,-1,-1,-1,-1,-1,4920,4921,4922,-1,-1,-1,-1,-1,-1,-1,-1,-1,-1,4933,4934,4935,-1,-1,-1,-1,-1,-1,-1,4943,-1,-1,-1,-1,-1,-1,4950,-1,-1,-1,-1,-1,-1,-1,-1,-1,-1,-1,-1,-1
20,-1,-1,-1,24 160 32 168,32 160 40 168,40 160 48 168,48 160 56 168,56 160 64 168,64 160 72 168,72 160 80 168,80 160 88 168,88 160 96 168,96 160 104 168,104 160 112 168,112 160 120 168,120 160 128 168,128 160 136 168,136 160 144 168,144 160 152 168,152 160 160 168,-1,-1,-1,-1,-1,-1,-1,-1,224 160 232 168,-1,-1,-1,-1,-1,-1,-1,-1,-1,304 160 312 168,-1,-1,-1,-1,-1,5164,5165,5166,5167,5168,5169,5170,5171,5172,5173,5174,5175,5176,5177,5178,-1,-1,-1,-1,-1,-1,-1,-1,-1,-1,5189,5190,5191,-1,-1,-1,-1,-1,-1,-1,5199,5200,5201,5202,5203,-1,-1,5206,-1,-1,-1,-1,-1,-1,-1,-1,-1,-1,-1,-1,-1
21,-1,-1,-1,24 168 32 176,32 168 40 176,40 168 48 176,48 168 56 176,56 168 64 176,64 168 72 176,72 168 80 176,80 168 88 176,88 168 96 176,96 168 104 176,104 168 112 176,112 168 120 176,120 168 128 176,128 168 136 176,136 168 144 176,144 168 152 176,152 168 160 176,-1,-1,-1,-1,-1,-1,-1,-1,224 168 232 176,-1,-1,-1,-1,-1,-1,-1,-1,-1,304 168 312 176,-1,-1,-1,-1,-1,5420,5421,5422,5423,5424,5425,5426,5427,5428,5429,5430,5431,5432,5433,5434,-1,-1,-1,-1,-1,-1,-1,-1,-1,-1,5445,5446,5447,-1,-1,-1,-1,-1,-1,-1,5455,5456,5457,5458,5459,-1,-1,5462,-1,-1,-1,-1,-1,-1,-1,-1,-1,-1,-1,-1,-1
22,-1,-1,-1,24 176 32 184,-1,-1,-1,-1,-1,-1,-1,-1,-1,-1,-1,-1,-1,-1,-1,-1,-1,-1,-1,-1,-1,-1,-1,-1,224 176 232 184,-1,-1,-1,-1,-1,-1,-1,-1,-1,304 176 312 184,-1,-1,-1,-1,-1,-1,-1,-1,-1,-1,-1,-1,-1,-1,-1,-1,-1,-1,5689,5690,-1,-1,-1,-1,-1,-1,-1,-1,-1,-1,-1,5702,-1,-1,-1,-1,-1,-1,-1,-1,5711,-1,-1,-1,-1,-1,-1,5718,-1,-1,-1,-1,-1,-1,-1,-1,-1,-1,-1,-1,-1
23,-1,-1,-1,24 184 32 192,-1,-1,-1,-1,-1,-1,-1,-1,-1,-1,-1,-1,-1,-1,-1,-1,-1,-1,-1,-1,-1,-1,-1,-1,224 184 232 192,-1,-1,-1,-1,-1,-1,-1,-1,-1,304 184 312 192,-1,-1,-1,-1,-1,-1,-1,-1,-1,-1,-1,-1,-1,-1,-1,-1,-1,-1,5945,5946,-1,-1,-1,-1,-1,-1,-1,-1,-1,-1,-1,5958,-1,-1,-1,-1,-1,-1,-1,-1,5967,-1,-1,-1,-1,-1,-1,5974,-1,-1,-1,-1,-1,-1,-1,-1,-1,-1,-1,-1,-1
24,-1,-1,-1,24 192 32 200,-1,-1,-1,-1,-1,-1,-1,-1,-1,-1,-1,-1,-1,-1,-1,-1,-1,-1,-1,-1,-1,-1,-1,-1,224 192 232 200,-1,-1,-1,-1,-1,-1,-1,-1,-1,304 192 312 200,-1,-1,-1,-1,-1,-1,-1,-1,-1,-1,-1,-1,-1,-1,-1,-1,-1,-1,6201,6202,-1,-1,-1,-1,-1,-1,-1,-1,-1,-1,-1,6214,-1,-1,-1,-1,-1,-1,-1,-1,6223,-1,-1,-1,-1,-1,-1,6230,-1,-1,-1,-1,-1,-1,-1,-1,-1,-1,-1,-1,-1
25,-1,-1,-1,24 200 32 208,-1,-1,-1,-1,-1,-1,-1,-1,-1,-1,-1,-1,-1,-1,-1,-1,-1,-1,-1,-1,-1,-1,-1,-1,224 200 232 208,-1,-1,-1,-1,-1,-1,-1,-1,-1,304 200 312 208,-1,-1,-1,-1,-1,-1,-1,-1,-1,-1,-1,-1,-1,-1,-1,-1,-1,-1,6457,6458,-1,-1,-1,-1,-1,-1,-1,-1,-1,-1,-1,6470,-1,-1,-1,-1,-1,-1,-1,-1,6479,-1,-1,-1,-1,-1,-1,6486,-1,-1,-1,-1,-1,-1,-1,-1,-1,-1,-1,-1,-1
26,-1,-1,-1,24 208 32 216,-1,-1,-1,-1,-1,-1,-1,-1,-1,-1,-1,-1,-1,-1,-1,-1,-1,-1,-1,-1,-1,-1,-1,-1,224 208 232 216,-1,-1,-1,-1,-1,-1,-1,-1,-1,304 208 312 216,-1,-1,-1,-1,-1,-1,-1,-1,-1,-1,-1,-1,-1,-1,-1,-1,-1,-1,6713,6714,-1,-1,-1,-1,-1,-1,-1,-1,-1,-1,-1,6726,-1,-1,-1,-1,-1,-1,-1,-1,6735,-1,-1,-1,-1,-1,-1,6742,-1,-1,-1,-1,-1,-1,-1,-1,-1,-1,-1,-1,-1
27,-1,-1,-1,24 216 32 224,-1,-1,-1,-1,-1,-1,-1,-1,-1,-1,-1,-1,-1,-1,-1,-1,-1,-1,-1,-1,-1,-1,-1,-1,224 216 232 224,-1,-1,-1,-1,-1,-1,-1,-1,-1,304 216 312 224,-1,-1,-1,-1,-1,-1,-1,-1,-1,-1,-1,-1,-1,-1,-1,-1,-1,-1,6969,6970,-1,-1,-1,-1,-1,-1,-1,-1,-1,-1,-1,6982,-1,-1,-1,-1,-1,-1,-1,-1,6991,-1,-1,-1,-1,-1,-1,6998,-1,-1,-1,-1,-1,-1,-1,-1,-1,-1,-1,-1,-1
28,-1,-1,-1,24 224 32 232,32 224 40 232,40 224 48 232,48 224 56 232,56 224 64 232,64 224 72 232,72 224 80 232,80 224 88 232,88 224 96 232,-1,-1,-1,-1,-1,-1,-1,-1,160 224 168 232,168 224 176 232,176 224 184 232,184 224 192 232,192 224 200 232,200 224 208 232,208 224 216 232,216 224 224 232,224 224 232 232,-1,-1,-1,-1,-1,-1,-1,-1,-1,304 224 312 232,312 224 320 232,320 224 328 232,328 224 336 232,336 224 344 232,7211,7212,7213,7214,7215,7216,7217,7218,7219,-1,-1,-1,-1,-1,7225,7226,-1,-1,-1,-1,-1,-1,-1,-1,-1,-1,7237,7238,7239,7240,7241,7242,7243,7244,7245,7246,7247,7248,7249,7250,7251,7252,7253,7254,7255,7256,7257,7258,7259,7260,7261,7262,7263,7264,7265,7266,7267
29,-1,-1,-1,24 232 32 240,32 232 40 240,40 232 48 240,48 232 56 240,56 232 64 240,64 232 72 240,72 232 80 240,80 232 88 240,88 232 96 240,-1,-1,-1,-1,-1,-1,-1,-1,160 232 168 240,168 232 176 240,176 232 184 240,184 232 192 240,192 232 200 240,200 232 208 240,208 232 216 240,216 232 224 240,224 232 232 240,-1,-1,-1,-1,-1,-1,-1,-1,-1,304 232 312 240,312 232 320 240,320 232 328 240,328 232 336 240,336 232 344 240,7467,7468,7469,7470,7471,7472,7473,7474,7475,-1,-1,-1,-1,-1,7481,7482,-1,-1,-1,-1,-1,-1,-1,-1,-1,-1,7493,-1,-1,-1,-1,-1,-1,-1,-1,-1,-1,-1,-1,-1,-1,-1,-1,-1,-1,-1,-1,-1,-1,-1,-1,-1,-1,-1,-1,-1,-1
30,-1,-1,-1,24 240 32 248,-1,-1,-1,-1,-1,-1,-1,-1,-1,-1,-1,-1,-1,-1,-1,-1,-1,-1,-1,-1,-1,-1,-1,-1,224 240 232 248,-1,-1,-1,-1,-1,-1,-1,-1,-1,304 240 312 248,-1,-1,-1,-1,-1,-1,-1,-1,-1,-1,-1,-1,-1,-1,-1,-1,-1,-1,7737,7738,-1,-1,-1,-1,-1,-1,-1,-1,-1,-1,7749,-1,-1,-1,-1,-1,-1,-1,-1,-1,-1,-1,-1,-1,-1,-1,-1,-1,-1,-1,-1,-1,-1,-1,-1,-1,-1,-1,-1,-1,-1
31,-1,-1,-1,24 248 32 256,-1,-1,-1,-1,-1,-1,-1,-1,-1,-1,-1,-1,-1,-1,-1,-1,-1,-1,-1,-1,-1,-1,-1,-1,224 248 232 256,-1,-1,-1,-1,-1,-1,-1,-1,-1,304 248 312 256,-1,-1,-1,-1,-1,-1,-1,-1,-1,-1,-1,-1,-1,-1,-1,-1,-1,-1,7993,7994,-1,-1,-1,-1,-1,-1,-1,-1,-1,-1,8005,-1,-1,-1,-1,-1,-1,-1,-1,-1,-1,-1,-1,-1,-1,-1,-1,-1,-1,-1,-1,-1,-1,-1,-1,-1,-1,-1,-1,-1,-1
32,-1,-1,-1,24 256 32 264,-1,-1,-1,-1,-1,-1,-1,-1,-1,-1,-1,-1,-1,-1,-1,-1,-1,-1,-1,-1,-1,-1,-1,-1,224 256 232 264,-1,-1,-1,-1,-1,-1,-1,-1,-1,304 256 312 264,-1,-1,-1,-1,-1,-1,-1,-1,-1,-1,-1,-1,-1,-1,-1,-1,-1,-1,8249,8250,-1,-1,-1,-1,-1,-1,-1,-1,-1,-1,8261,-1,-1,-1,-1,-1,-1,-1,-1,-1,-1,-1,-1,-1,-1,-1,-1,-1,-1,-1,-1,-1,-1,-1,-1,-1,-1,-1,-1,-1,-1
33,-1,-1,-1,24 264 32 272,-1,-1,-1,-1,-1,-1,-1,-1,-1,-1,-1,-1,-1,-1,-1,-1,-1,-1,-1,-1,-1,-1,-1,-1,224 264 232 272,-1,-1,-1,-1,-1,-1,-1,-1,-1,304 264 312 272,-1,-1,-1,-1,-1,-1,-1,-1,-1,-1,-1,-1,-1,-1,-1,-1,-1,-1,8505,8506,-1,-1,-1,-1,-1,-1,-1,-1,-1,-1,8517,-1,-1,-1,-1,-1,-1,-1,-1,-1,-1,-1,-1,-1,-1,-1,-1,-1,-1,-1,-1,-1,-1,-1,-1,-1,-1,-1,-1,-1,-1
34,-1,-1,-1,24 272 32 280,-1,-1,-1,-1,-1,-1,-1,-1,-1,-1,-1,-1,-1,-1,-1,-1,-1,-1,-1,-1,-1,-1,-1,-1,224 272 232 280,-1,-1,-1,-1,-1,-1,-1,-1,-1,304 272 312 280,-1,-1,-1,-1,-1,-1,-1,-1,-1,-1,-1,-1,-1,-1,-1,-1,-1,-1,8761,8762,-1,-1,-1,-1,-1,-1,-1,-1,-1,-1,8773,-1,-1,-1,-1,-1,-1,-1,-1,-1,-1,-1,-1,-1,-1,-1,-1,-1,-1,-1,-1,-1,-1,-1,-1,-1,-1,-1,-1,-1,-1
35,-1,-1,-1,24 280 32 288,-1,-1,-1,-1,-1,-1,-1,-1,-1,-1,-1,-1,-1,-1,-1,-1,-1,-1,-1,-1,-1,-1,-1,-1,224 280 232 288,-1,-1,-1,-1,-1,-1,-1,-1,-1,304 280 312 288,-1,-1,-1,-1,-1,-1,-1,-1,-1,-1,-1,-1,-1,-1,-1,-1,-1,-1,9017,9018,-1,-1,-1,-1,-1,-1,-1,-1,-1,-1,9029,-1,-1,-1,-1,-1,-1,-1,-1,-1,-1,-1,-1,-1,-1,-1,-1,-1,-1,-1,-1,-1,-1,-1,-1,-1,-1,-1,-1,-1,-1
36,-1,-1,-1,24 288 32 296,-1,-1,-1,-1,-1,-1,-1,-1,96 288 104 296,104 288 112 296,112 288 120 296,120 288 128 296,128 288 136 296,136 288 144 296,144 288 152 296,152 288 160 296,-1,-1,-1,-1,-1,-1,-1,-1,224 288 232 296,-1,-1,-1,-1,-1,-1,-1,-1,-1,304 288 312 296,-1,-1,-1,-1,-1,9260,9261,9262,9263,9264,9265,9266,9267,9268,9269,9270,9271,9272,9273,9274,-1,-1,-1,-1,-1,-1,-1,-1,-1,-1,9285,-1,-1,-1,-1,-1,-1,-1,-1,-1,-1,-1,-1,-1,-1,-1,-1,-1,-1,-1,-1,-1,-1,-1,-1,-1,-1,-1,-1,-1,-1
37,-1,-1,-1,24 296 32 304,-1,-1,-1,-1,-1,-1,-1,-1,96 296 104 304,104 296 112 304,112 296 120 304,120 296 128 304,128 296 136 304,136 296 144 304,144 296 152 304,152 296 160 304,-1,-1,-1,-1,-1,-1,-1,-1,224 296 232 304,-1,-1,-1,-1,-1,-1,-1,-1,-1,304 296 312 304,-1,-1,-1,-1,-1,9516,9517,9518,9519,9520,9521,9522,9523,9524,9525,9526,9527,9528,9529,9530,-1,-1,-1,-1,-1,-1,-1,-1,-1,-1,9541,9542,9543,9544,9545,9546,9547,9548,9549,9550,9551,9552,9553,9554,9555,9556,9557,9558,9559,9560,9561,9562,9563,9564,9565,9566,9567,9568,9569,9570,9571
38,-1,-1,-1,24 304 32 312,-1,-1,-1,-1,-1,-1,-1,-1,-1,-1,-1,-1,-1,-1,-1,-1,-1,-1,-1,-1,-1,-1,-1,-1,224 304 232 312,-1,-1,-1,-1,-1,-1,-1,-1,-1,304 304 312 312,-1,-1,-1,-1,-1,-1,-1,-1,-1,-1,-1,-1,-1,-1,-1,-1,-1,-1,9785,9786,-1,-1,-1,-1,-1,-1,-1,-1,-1,-1,9797,9798,-1,-1,-1,-1,-1,-1,-1,-1,-1,-1,-1,-1,-1,-1,-1,-1,-1,-1,-1,-1,-1,-1,-1,-1,-1,-1,9825,-1,-1
39,-1,-1,-1,24 312 32 320,-1,-1,-1,-1,-1,-1,-1,-1,-1,-1,-1,-1,-1,-1,-1,-1,-1,-1,-1,-1,-1,-1,-1,-1,224 312 232 320,-1,-1,-1,-1,-1,-1,-1,-1,-1,304 312 312 320,-1,-1,-1,-1,-1,-1,-1,-1,-1,-1,-1,-1,-1,-1,-1,-1,-1,-1,10041,10042,-1,-1,-1,-1,-1,-1,-1,-1,-1,-1,10053,10054,-1,-1,-1,-1,-1,-1,-1,-1,-1,-1,-1,-1,-1,-1,-1,-1,-1,-1,-1,-1,-1,-1,-1,-1,-1,-1,10081,-1,-1
40,-1,-1,-1,24 320 32 328,-1,-1,-1,-1,-1,-1,-1,-1,-1,-1,-1,-1,-1,-1,-1,-1,-1,-1,-1,-1,-1,-1,-1,-1,224 320 232 328,-1,-1,-1,-1,-1,-1,-1,-1,-1,304 320 312 328,-1,-1,-1,-1,-1,-1,-1,-1,-1,-1,-1,-1,-1,-1,-1,-1,-1,-1,10297,10298,-1,-1,-1,-1,-1,-1,-1,-1,-1,-1,10309,10310,-1,-1,-1,-1,-1,-1,-1,-1,-1,-1,-1,-1,-1,-1,-1,-1,-1,-1,-1,-1,-1,-1,-1,-1,-1,-1,10337,-1,-1
41,-1,-1,-1,24 328 32 336,-1,-1,-1,-1,-1,-1,-1,-1,-1,-1,-1,-1,-1,-1,-1,-1,-1,-1,-1,-1,-1,-1,-1,-1,224 328 232 336,-1,-1,-1,-1,-1,-1,-1,-1,-1,304 328 312 336,-1,-1,-1,-1,-1,-1,-1,-1,-1,-1,-1,-1,-1,-1,-1,-1,-1,-1,10553,10554,-1,-1,-1,-1,-1,-1,-1,-1,-1,-1,10565,10566,-1,-1,-1,-1,-1,-1,-1,-1,-1,-1,-1,-1,-1,-1,-1,-1,-1,-1,-1,-1,-1,-1,-1,-1,-1,-1,10593,-1,-1
42,-1,-1,-1,24 336 32 344,-1,-1,-1,-1,-1,-1,-1,-1,-1,-1,-1,-1,-1,-1,-1,-1,-1,-1,-1,-1,-1,-1,-1,-1,224 336 232 344,-1,-1,-1,-1,-1,-1,-1,-1,-1,304 336 312 344,-1,-1,-1,-1,-1,-1,-1,-1,-1,-1,-1,-1,-1,-1,-1,-1,-1,-1,10809,10810,-1,-1,-1,-1,-1,-1,-1,-1,-1,-1,10821,10822,-1,-1,-1,-1,-1,-1,-1,-1,-1,-1,-1,-1,-1,-1,-1,-1,-1,-1,-1,-1,-1,-1,-1,-1,-1,-1,10849,-1,-1
43,-1,-1,-1,24 344 32 352,-1,-1,-1,-1,-1,-1,-1,-1,-1,-1,-1,-1,-1,-1,-1,-1,-1,-1,-1,-1,-1,-1,-1,-1,224 344 232 352,-1,-1,-1,-1,-1,-1,-1,-1,-1,304 344 312 352,-1,-1,-1,-1,-1,-1,-1,-1,-1,-1,-1,-1,-1,-1,-1,-1,-1,-1,11065,11066,-1,-1,-1,-1,-1,-1,-1,-1,-1,-1,11077,11078,-1,-1,-1,-1,-1,-1,-1,-1,-1,-1,-1,-1,-1,-1,-1,-1,-1,-1,-1,-1,-1,-1,-1,-1,-1,-1,11105,-1,-1
44,-1,-1,-1,24 352 32 360,-1,-1,-1,-1,-1,-1,-1,-1,96 352 104 360,104 352 112 360,112 352 120 360,120 352 128 360,128 352 136 360,136 352 144 360,144 352 152 360,152 352 160 360,160 352 168 360,168 352 176 360,176 352 184 360,184 352 192 360,192 352 200 360,200 352 208 360,208 352 216 360,216 352 224 360,224 352 232 360,-1,-1,-1,-1,-1,-1,-1,-1,-1,304 352 312 360,312 352 320 360,320 352 328 360,328 352 336 360,336 352 344 360,11307,-1,-1,-1,-1,-1,-1,-1,-1,-1,-1,-1,-1,-1,11321,11322,-1,-1,-1,-1,-1,-1,-1,-1,-1,-1,11333,11334,-1,-1,-1,-1,-1,-1,-1,-1,-1,-1,-1,-1,-1,-1,-1,-1,-1,-1,-1,-1,-1,-1,-1,-1,-1,-1,11361,-1,-1
45,-1,-1,-1,24 360 32 368,-1,-1,-1,-1,-1,-1,-1,-1,96 360 104 368,104 360 112 368,112 360 120 368,120 360 128 368,128 360 136 368,136 360 144 368,144 360 152 368,152 360 160 368,160 360 168 368,168 360 176 368,176 360 184 368,184 360 192 368,192 360 200 368,200 360 208 368,208 360 216 368,216 360 224 368,224 360 232 368,-1,-1,-1,-1,-1,-1,-1,-1,-1,304 360 312 368,312 360 320 368,320 360 328 368,328 360 336 368,336 360 344 368,11563,-1,-1,-1,-1,-1,-1,-1,-1,-1,-1,-1,-1,-1,11577,11578,-1,-1,-1,-1,-1,-1,-1,-1,-1,-1,11589,11590,-1,-1,-1,-1,-1,-1,-1,-1,-1,-1,-1,-1,-1,-1,-1,-1,-1,-1,-1,-1,-1,-1,-1,-1,-1,-1,11617,-1,-1
46,-1,-1,-1,24 368 32 376,-1,-1,-1,-1,-1,-1,-1,-1,-1,-1,-1,-1,-1,-1,-1,-1,-1,-1,-1,-1,-1,-1,-1,-1,224 368 232 376,-1,-1,-1,-1,-1,-1,-1,-1,-1,304 368 312 376,-1,-1,-1,-1,-1,-1,-1,-1,-1,-1,-1,-1,-1,-1,-1,-1,-1,-1,11833,11834,-1,-1,-1,-1,-1,-1,-1,-1,-1,-1,11845,11846,-1,-1,-1,-1,-1,-1,-1,-1,-1,-1,-1,-1,-1,-1,-1,-1,-1,-1,-1,-1,-1,-1,-1,-1,-1,-1,11873,-1,-1
47,-1,-1,-1,24 376 32 384,-1,-1,-1,-1,-1,-1,-1,-1,-1,-1,-1,-1,-1,-1,-1,-1,-1,-1,-1,-1,-1,-1,-1,-1,224 376 232 384,-1,-1,-1,-1,-1,-1,-1,-1,-1,304 376 312 384,-1,-1,-1,-1,-1,-1,-1,-1,-1,-1,-1,-1,-1,-1,-1,-1,-1,-1,12089,12090,-1,-1,-1,-1,-1,-1,-1,-1,-1,-1,12101,12102,-1,-1,-1,-1,-1,-1,-1,-1,-1,-1,-1,-1,-1,-1,-1,-1,-1,-1,-1,-1,-1,-1,-1,-1,-1,-1,12129,-1,-1
48,-1,-1,-1,24 384 32 392,32 384 40 392,40 384 48 392,48 384 56 392,56 384 64 392,-1,-1,-1,-1,-1,-1,-1,-1,-1,-1,-1,-1,-1,-1,-1,-1,-1,-1,-1,-1,224 384 232 392,-1,-1,-1,-1,-1,-1,-1,-1,-1,304 384 312 392,-1,-1,-1,-1,-1,-1,-1,-1,-1,-1,-1,-1,-1,-1,-1,-1,-1,12344,12345,12346,12347,12348,12349,12350,12351,12352,12353,12354,12355,12356,12357,12358,12359,-1,-1,-1,-1,-1,-1,-1,-1,-1,-1,-1,-1,-1,-1,-1,-1,-1,-1,-1,-1,-1,-1,-1,-1,-1,12385,-1,-1
49,-1,-1,-1,-1,-1,40 392 48 400,48 392 56 400,56 392 64 400,-1,-1,-1,-1,-1,-1,-1,-1,-1,-1,-1,-1,-1,-1,-1,-1,-1,-1,-1,-1,224 392 232 400,-1,-1,-1,-1,-1,-1,-1,-1,-1,304 392 312 400,-1,-1,-1,-1,-1,-1,-1,-1,-1,-1,-1,-1,-1,-1,-1,-1,-1,12600,12601,12602,12603,12604,12605,12606,12607,12608,12609,12610,12611,12612,12613,12614,12615,-1,-1,-1,-1,-1,-1,-1,-1,-1,-1,-1,-1,-1,-1,-1,-1,-1,-1,-1,-1,-1,-1,-1,-1,-1,12641,-1,-1
50,-1,-1,-1,-1,-1,40 400 48 408,48 400 56 408,56 400 64 408,-1,-1,-1,-1,-1,-1,-1,-1,-1,-1,-1,-1,-1,-1,-1,-1,-1,-1,-1,-1,224 400 232 408,-1,-1,-1,-1,-1,-1,-1,-1,-1,304 400 312 408,-1,-1,-1,-1,-1,-1,-1,-1,-1,-1,-1,-1,-1,-1,-1,-1,-1,12856,12857,12858,12859,12860,12861,12862,12863,12864,12865,12866,12867,12868,12869,12870,12871,-1,-1,-1,-1,-1,-1,-1,-1,-1,-1,-1,-1,-1,-1,-1,-1,-1,-1,-1,-1,-1,-1,-1,-1,-1,12897,-1,-1
51,-1,-1,-1,-1,-1,40 408 48 416,48 408 56 416,56 408 64 416,-1,-1,-1,-1,-1,-1,-1,-1,-1,-1,-1,-1,-1,-1,-1,-1,-1,-1,-1,-1,224 408 232 416,-1,-1,-1,-1,-1,-1,-1,-1,-1,304 408 312 416,-1,-1,-1,-1,-1,-1,-1,-1,-1,-1,-1,-1,-1,-1,-1,-1,-1,13112,13113,13114,13115,13116,13117,13118,13119,13120,13121,13122,13123,13124,13125,13126,13127,-1,-1,-1,-1,-1,-1,-1,-1,-1,-1,-1,-1,-1,-1,-1,-1,-1,-1,-1,-1,-1,-1,-1,-1,-1,13153,-1,-1
52,-1,-1,-1,24 416 32 424,32 416 40 424,40 416 48 424,48 416 56 424,56 416 64 424,64 416 72 424,72 416 80 424,80 416 88 424,88 416 96 424,-1,-1,-1,-1,-1,-1,-1,-1,-1,-1,-1,-1,-1,-1,-1,-1,224 416 232 424,-1,-1,-1,-1,-1,-1,-1,-1,-1,304 416 312 424,-1,-1,-1,-1,-1,13356,13357,13358,13359,13360,13361,13362,13363,13364,13365,13366,13367,13368,13369,13370,-1,-1,-1,-1,-1,-1,-1,-1,-1,-1,13381,13382,13383,13384,13385,13386,13387,13388,13389,13390,13391,13392,13393,13394,13395,-1,-1,-1,-1,-1,-1,-1,-1,13404,13405,13406,13407,13408,13409,-1,-1
53,-1,-1,-1,24 424 32 432,32 424 40 432,40 424 48 432,48 424 56 432,56 424 64 432,64 424 72 432,72 424 80 432,80 424 88 432,88 424 96 432,-1,-1,-1,-1,-1,-1,-1,-1,-1,-1,-1,-1,-1,-1,-1,-1,224 424 232 432,-1,-1,-1,-1,-1,-1,-1,-1,-1,304 424 312 432,-1,-1,-1,-1,-1,13612,13613,13614,13615,13616,13617,13618,13619,13620,13621,13622,13623,13624,13625,13626,-1,-1,-1,-1,-1,-1,-1,-1,-1,-1,13637,13638,13639,13640,13641,13642,13643,13644,13645,13646,13647,13648,13649,13650,13651,-1,-1,-1,-1,-1,-1,-1,-1,13660,13661,13662,13663,13664,13665,-1,-1
54,-1,-1,-1,24 432 32 440,-1,-1,-1,-1,-1,-1,-1,-1,-1,-1,-1,-1,-1,-1,-1,-1,-1,-1,-1,-1,-1,-1,-1,-1,224 432 232 440,-1,-1,-1,-1,-1,-1,-1,-1,-1,304 432 312 440,-1,-1,-1,-1,-1,-1,-1,-1,-1,-1,-1,-1,-1,-1,-1,-1,-1,-1,13881,-1,-1,-1,-1,-1,-1,-1,-1,-1,-1,-1,-1,13894,-1,-1,-1,-1,-1,-1,-1,-1,-1,-1,-1,-1,-1,-1,-1,-1,-1,-1,-1,-1,-1,-1,-1,-1,-1,-1,13921,-1,-1
55,-1,-1,-1,24 440 32 448,-1,-1,-1,-1,-1,-1,-1,-1,-1,-1,-1,-1,-1,-1,-1,-1,-1,-1,-1,-1,-1,-1,-1,-1,224 440 232 448,-1,-1,-1,-1,-1,-1,-1,-1,-1,304 440 312 448,-1,-1,-1,-1,-1,-1,-1,-1,-1,-1,-1,-1,-1,-1,-1,-1,-1,-1,14137,-1,-1,-1,-1,-1,-1,-1,-1,-1,-1,-1,-1,14150,-1,-1,-1,-1,-1,-1,-1,-1,-1,-1,-1,-1,-1,-1,-1,-1,-1,-1,-1,-1,-1,-1,-1,-1,-1,-1,14177,-1,-1
56,-1,-1,-1,24 448 32 456,-1,-1,-1,-1,-1,-1,-1,-1,-1,-1,-1,-1,-1,-1,-1,-1,-1,-1,-1,-1,-1,-1,-1,-1,224 448 232 456,-1,-1,-1,-1,-1,-1,-1,-1,-1,304 448 312 456,-1,-1,-1,-1,-1,-1,-1,-1,-1,-1,-1,-1,-1,-1,-1,-1,-1,-1,14393,-1,-1,-1,-1,-1,-1,-1,-1,-1,-1,-1,-1,14406,-1,-1,-1,-1,-1,-1,-1,-1,-1,-1,-1,-1,-1,-1,-1,-1,-1,-1,-1,-1,-1,-1,-1,-1,-1,-1,14433,-1,-1
57,-1,-1,-1,24 456 32 464,-1,-1,-1,-1,-1,-1,-1,-1,-1,-1,-1,-1,-1,-1,-1,-1,-1,-1,-1,-1,-1,-1,-1,-1,224 456 232 464,-1,-1,-1,-1,-1,-1,-1,-1,-1,304 456 312 464,-1,-1,-1,-1,-1,-1,-1,-1,-1,-1,-1,-1,-1,-1,-1,-1,-1,-1,14649,-1,-1,-1,-1,-1,-1,-1,-1,-1,-1,-1,-1,14662,-1,-1,-1,-1,-1,-1,-1,-1,-1,-1,-1,-1,-1,-1,-1,-1,-1,-1,-1,-1,-1,-1,-1,-1,-1,-1,14689,-1,-1
58,-1,-1,-1,24 464 32 472,-1,-1,-1,-1,-1,-1,-1,-1,-1,-1,-1,-1,-1,-1,-1,-1,-1,-1,-1,-1,-1,-1,-1,-1,224 464 232 472,-1,-1,-1,-1,-1,-1,-1,-1,-1,304 464 312 472,-1,-1,-1,-1,-1,-1,-1,-1,-1,-1,-1,-1,-1,-1,-1,-1,-1,-1,14905,-1,-1,-1,-1,-1,-1,-1,-1,-1,-1,-1,-1,14918,-1,-1,-1,-1,-1,-1,-1,-1,-1,-1,-1,-1,-1,-1,-1,-1,-1,-1,-1,-1,-1,-1,-1,-1,-1,-1,14945,-1,-1
59,-1,-1,-1,24 472 32 480,-1,-1,-1,-1,-1,-1,-1,-1,-1,-1,-1,-1,-1,-1,-1,-1,-1,-1,-1,-1,-1,-1,-1,-1,224 472 232 480,-1,-1,-1,-1,-1,-1,-1,-1,-1,304 472 312 480,-1,-1,-1,-1,-1,-1,-1,-1,-1,-1,-1,-1,-1,-1,-1,-1,-1,-1,15161,-1,-1,-1,-1,-1,-1,-1,-1,-1,-1,-1,-1,15174,-1,-1,-1,-1,-1,-1,-1,-1,-1,-1,-1,-1,-1,-1,-1,-1,-1,-1,-1,-1,-1,-1,-1,-1,-1,-1,15201,-1,-1
60,-1,-1,-1,24 480 32 488,32 480 40 488,40 480 48 488,48 480 56 488,56 480 64 488,64 480 72 488,72 480 80 488,80 480 88 488,88 480 96 488,96 480 104 488,104 480 112 488,112 480 120 488,120 480 128 488,128 480 136 488,136 480 144 488,144 480 152 488,152 480 160 488,160 480 168 488,168 480 176 488,176 480 184 488,184 480 192 488,192 480 200 488,200 480 208 488,208 480 216 488,216 480 224 488,224 480 232 488,-1,-1,-1,-1,-1,-1,-1,-1,-1,304 480 312 488,312 480 320 488,320 480 328 488,328 480 336 488,336 480 344 488,15403,15404,15405,15406,15407,15408,15409,15410,15411,15412,15413,15414,15415,15416,15417,15418,15419,15420,-1,-1,-1,-1,-1,-1,-1,-1,-1,15430,-1,-1,-1,-1,-1,-1,-1,-1,-1,-1,-1,-1,-1,15444,15445,15446,15447,15448,15449,15450,15451,-1,-1,-1,-1,-1,15457,-1,-1
61,-1,-1,-1,24 488 32 496,-1,-1,-1,-1,-1,-1,-1,-1,-1,-1,-1,-1,-1,-1,-1,-1,-1,-1,-1,-1,-1,-1,-1,-1,224 488 232 496,-1,-1,-1,-1,-1,-1,-1,-1,-1,304 488 312 496,312 488 320 496,320 488 328 496,328 488 336 496,336 488 344 496,15659,15660,15661,15662,15663,15664,15665,15666,15667,15668,15669,15670,15671,15672,15673,15674,15675,15676,-1,-1,-1,-1,-1,-1,-1,-1,-1,15686,-1,-1,-1,-1,-1,-1,-1,-1,-1,-1,-1,-1,-1,15700,15701,15702,15703,15704,15705,15706,15707,-1,-1,-1,-1,-1,15713,-1,-1
62,-1,-1,-1,24 496 32 504,-1,-1,-1,-1,-1,-1,-1,-1,-1,-1,-1,-1,-1,-1,-1,-1,-1,-1,-1,-1,-1,-1,-1,-1,224 496 232 504,-1,-1,-1,-1,-1,-1,-1,-1,-1,304 496 312 504,-1,-1,-1,-1,-1,-1,-1,-1,-1,-1,-1,-1,-1,-1,-1,-1,-1,-1,-1,-1,-1,15932,-1,-1,-1,-1,-1,-1,-1,-1,-1,15942,-1,-1,-1,-1,-1,-1,-1,-1,-1,-1,-1,-1,-1,-1,-1,-1,-1,-1,-1,-1,-1,-1,-1,-1,-1,-1,15969,-1,-1
63,-1,-1,-1,24 504 32 512,-1,-1,-1,-1,-1,-1,-1,-1,-1,-1,-1,-1,-1,-1,-1,-1,-1,-1,-1,-1,-1,-1,-1,-1,224 504 232 512,-1,-1,-1,-1,-1,-1,-1,-1,-1,304 504 312 512,-1,-1,-1,-1,-1,-1,-1,-1,-1,-1,-1,-1,-1,-1,-1,-1,-1,-1,-1,-1,-1,16188,-1,-1,-1,-1,-1,-1,-1,-1,-1,16198,-1,-1,-1,-1,-1,-1,-1,-1,-1,-1,-1,-1,-1,-1,-1,-1,-1,-1,-1,-1,-1,-1,-1,-1,-1,-1,16225,-1,-1
64,-1,-1,-1,24 512 32 520,-1,-1,-1,-1,-1,-1,-1,-1,-1,-1,-1,-1,-1,-1,-1,-1,-1,-1,-1,-1,-1,-1,-1,-1,224 512 232 520,-1,-1,-1,-1,-1,-1,-1,-1,-1,304 512 312 520,-1,-1,-1,-1,-1,-1,-1,-1,-1,-1,-1,-1,-1,-1,-1,-1,-1,-1,-1,-1,-1,16444,-1,-1,-1,-1,-1,-1,-1,-1,-1,16454,-1,-1,-1,-1,-1,-1,-1,-1,-1,-1,-1,-1,-1,-1,-1,-1,-1,-1,-1,-1,-1,-1,-1,-1,-1,-1,16481,-1,-1
65,-1,-1,-1,24 520 32 528,-1,-1,-1,-1,-1,-1,-1,-1,-1,-1,-1,-1,-1,-1,-1,-1,-1,-1,-1,-1,-1,-1,-1,-1,224 520 232 528,-1,-1,-1,-1,-1,-1,-1,-1,-1,304 520 312 528,-1,-1,-1,-1,-1,-1,-1,-1,-1,-1,-1,-1,-1,-1,-1,-1,-1,-1,-1,-1,-1,16700,-1,-1,-1,-1,-1,-1,-1,-1,-1,16710,-1,-1,-1,-1,-1,-1,-1,-1,-1,-1,-1,-1,-1,-1,-1,-1,-1,-1,-1,-1,-1,-1,-1,-1,-1,-1,16737,-1,-1
66,-1,-1,-1,24 528 32 536,-1,-1,-1,-1,-1,-1,-1,-1,-1,-1,-1,-1,-1,-1,-1,-1,-1,-1,-1,-1,-1,-1,-1,-1,224 528 232 536,-1,-1,-1,-1,-1,-1,-1,-1,-1,304 528 312 536,-1,-1,-1,-1,-1,-1,-1,-1,-1,-1,-1,-1,-1,-1,-1,-1,-1,-1,-1,-1,-1,16956,-1,-1,-1,-1,-1,-1,-1,-1,-1,16966,-1,-1,-1,-1,-1,-1,-1,-1,-1,-1,-1,-1,-1,-1,-1,-1,-1,-1,-1,-1,-1,-1,-1,-1,-1,-1,16993,-1,-1
67,-1,-1,-1,24 536 32 544,32 536 40 544,40 536 48 544,48 536 56 544,56 536 64 544,64 536 72 544,72 536 80 544,80 536 88 544,88 536 96 544,96 536 104 544,104 536 112 544,112 536 120 544,120 536 128 544,128 536 136 544,136 536 144 544,144 536 152 544,152 536 160 544,160 536 168 544,168 536 176 544,176 536 184 544,184 536 192 544,192 536 200 544,200 536 208 544,208 536 216 544,216 536 224 544,224 536 232 544,232 536 240 544,240 536 248 544,248 536 256 544,256 536 264 544,264 536 272 544,272 536 280 544,280 536 288 544,288 536 296 544,296 536 304 544,304 536 312 544,312 536 320 544,320 536 328 544,328 536 336 544,336 536 344 544,344 536 352 544,17196,17197,17198,17199,17200,17201,17202,17203,17204,17205,17206,17207,17208,17209,17210,17211,17212,-1,-1,-1,-1,-1,-1,-1,-1,-1,17222,-1,-1,-1,-1,-1,-1,-1,-1,-1,-1,-1,-1,-1,-1,-1,-1,-1,-1,-1,-1,-1,-1,-1,-1,-1,-1,17249,-1,-1
68,-1,-1,-1,24 544 32 552,-1,-1,-1,-1,-1,-1,-1,-1,-1,-1,-1,-1,-1,-1,-1,-1,-1,-1,-1,-1,-1,-1,-1,-1,224 544 232 552,-1,-1,-1,-1,-1,-1,280 544 288 552,-1,-1,-1,-1,-1,-1,-1,-1,-1,-1,-1,-1,-1,-1,-1,-1,17460,-1,-1,-1,-1,-1,-1,-1,17468,-1,-1,-1,-1,-1,-1,-1,-1,-1,17478,17479,17480,17481,17482,17483,-1,-1,-1,-1,-1,-1,-1,-1,17492,17493,17494,17495,17496,17497,17498,17499,17500,17501,17502,17503,17504,17505,17506,17507
69,-1,-1,-1,24 552 32 560,-1,-1,-1,-1,-1,-1,-1,-1,-1,-1,-1,-1,-1,-1,-1,-1,-1,-1,-1,-1,-1,-1,-1,-1,224 552 232 560,-1,-1,-1,-1,-1,-1,280 552 288 560,-1,-1,-1,-1,-1,-1,-1,-1,-1,-1,-1,-1,-1,-1,-1,-1,17716,-1,-1,-1,-1,-1,-1,-1,17724,-1,-1,-1,-1,-1,-1,-1,-1,-1,17734,17735,17736,17737,17738,17739,-1,-1,-1,-1,-1,-1,-1,-1,17748,17749,17750,17751,17752,17753,17754,17755,17756,-1,-1,-1,-1,-1,-1,-1
70,-1,-1,-1,24 560 32 568,-1,-1,-1,-1,-1,-1,-1,-1,-1,-1,-1,-1,-1,-1,-1,-1,-1,-1,-1,-1,-1,-1,-1,-1,224 560 232 568,-1,-1,-1,-1,-1,-1,280 560 288 568,-1,-1,-1,-1,-1,-1,-1,-1,-1,-1,-1,-1,-1,-1,-1,-1,17972,-1,-1,-1,-1,-1,-1,-1,17980,-1,-1,-1,-1,-1,-1,-1,-1,-1,17990,-1,-1,-1,-1,-1,-1,-1,-1,-1,-1,-1,-1,-1,-1,-1,-1,-1,-1,-1,-1,-1,18012,-1,-1,-1,-1,-1,-1,-1
71,-1,-1,-1,24 568 32 576,-1,-1,-1,-1,-1,-1,-1,-1,-1,-1,-1,-1,-1,-1,-1,-1,-1,-1,-1,-1,-1,-1,-1,-1,224 568 232 576,-1,-1,-1,-1,-1,-1,280 568 288 576,-1,-1,-1,-1,-1,-1,-1,-1,-1,-1,-1,-1,-1,-1,-1,-1,18228,-1,-1,-1,-1,-1,-1,-1,18236,-1,-1,-1,-1,-1,-1,-1,-1,-1,18246,-1,-1,-1,-1,-1,-1,-1,-1,-1,-1,-1,-1,-1,-1,-1,-1,-1,-1,-1,-1,-1,18268,-1,-1,-1,-1,-1,-1,-1
72,-1,-1,-1,24 576 32 584,-1,-1,-1,-1,-1,-1,-1,-1,-1,-1,-1,-1,-1,-1,-1,-1,-1,-1,-1,-1,-1,-1,-1,-1,224 576 232 584,-1,-1,-1,-1,-1,-1,280 576 288 584,-1,-1,-1,-1,-1,-1,-1,-1,-1,-1,-1,-1,-1,-1,-1,-1,18484,-1,-1,-1,-1,-1,-1,-1,18492,-1,-1,-1,-1,-1,-1,-1,-1,-1,18502,-1,-1,-1,-1,-1,-1,-1,-1,-1,-1,-1,-1,-1,-1,-1,-1,-1,-1,-1,-1,-1,18524,-1,-1,-1,-1,-1,-1,-1
73,-1,-1,-1,24 584 32 592,-1,-1,-1,-1,-1,-1,-1,-1,-1,-1,-1,-1,-1,-1,-1,-1,-1,-1,-1,-1,-1,-1,-1,-1,224 584 232 592,-1,-1,-1,-1,-1,-1,280 584 288 592,-1,-1,-1,-1,-1,-1,-1,-1,-1,-1,-1,-1,-1,-1,-1,-1,18740,-1,-1,-1,-1,-1,-1,-1,18748,-1,-1,-1,-1,-1,-1,-1,-1,-1,18758,-1,-1,-1,-1,-1,-1,-1,-1,-1,-1,-1,-1,-1,-1,-1,-1,-1,-1,-1,-1,-1,18780,-1,-1,-1,-1,-1,-1,-1
74,-1,-1,-1,24 592 32 600,-1,-1,-1,-1,-1,-1,-1,-1,-1,-1,-1,-1,-1,-1,-1,-1,-1,-1,-1,-1,-1,-1,-1,-1,224 592 232 600,-1,-1,-1,-1,-1,-1,280 592 288 600,-1,-1,-1,-1,-1,-1,-1,-1,-1,-1,-1,-1,-1,-1,-1,-1,18996,-1,-1,-1,-1,-1,-1,-1,19004,-1,-1,-1,-1,-1,-1,-1,-1,-1,19014,-1,-1,-1,-1,-1,-1,-1,-1,-1,-1,-1,-1,-1,-1,-1,-1,-1,-1,-1,-1,-1,19036,-1,-1,-1,-1,-1,-1,-1
75,-1,-1,-1,24 600 32 608,-1,-1,-1,-1,-1,-1,-1,-1,-1,-1,-1,-1,-1,-1,-1,-1,-1,-1,-1,-1,-1,-1,-1,-1,224 600 232 608,232 600 240 608,240 600 248 608,248 600 256 608,256 600 264 608,264 600 272 608,272 600 280 608,280 600 288 608,-1,-1,-1,-1,-1,-1,-1,-1,-1,-1,-1,-1,-1,-1,-1,-1,19252,19253,19254,19255,19256,19257,19258,19259,19260,-1,-1,-1,-1,-1,-1,-1,-1,-1,19270,-1,-1,-1,-1,-1,-1,-1,-1,-1,-1,-1,-1,-1,-1,-1,-1,-1,-1,-1,-1,-1,19292,-1,-1,-1,-1,-1,-1,-1
76,-1,-1,-1,24 608 32 616,-1,-1,-1,-1,-1,-1,-1,-1,-1,-1,-1,-1,-1,-1,-1,-1,-1,-1,-1,-1,-1,-1,-1,-1,-1,-1,-1,-1,-1,-1,-1,-1,-1,-1,-1,-1,-1,-1,-1,-1,-1,-1,-1,-1,-1,-1,-1,-1,-1,-1,-1,-1,-1,-1,-1,-1,19516,-1,-1,-1,-1,-1,-1,-1,-1,-1,19526,-1,-1,-1,-1,-1,19532,19533,19534,19535,19536,19537,19538,19539,-1,-1,-1,-1,-1,-1,-1,-1,19548,-1,-1,-1,-1,-1,-1,-1
77,-1,-1,-1,24 616 32 624,-1,-1,-1,-1,-1,-1,-1,-1,-1,-1,-1,-1,-1,-1,-1,-1,-1,-1,-1,-1,-1,-1,-1,-1,-1,-1,-1,-1,-1,-1,-1,-1,-1,-1,-1,-1,-1,-1,-1,-1,-1,-1,-1,-1,-1,-1,-1,-1,-1,-1,-1,-1,-1,-1,-1,-1,19772,-1,-1,-1,-1,-1,-1,-1,-1,-1,19782,-1,-1,-1,-1,-1,19788,19789,19790,19791,19792,19793,19794,19795,-1,-1,-1,-1,-1,-1,-1,-1,19804,19805,19806,19807,19808,19809,19810,19811
78,-1,-1,-1,24 624 32 632,-1,-1,-1,-1,-1,-1,-1,-1,-1,-1,-1,-1,-1,-1,-1,-1,-1,-1,-1,-1,-1,-1,-1,-1,-1,-1,-1,-1,-1,-1,-1,-1,-1,-1,-1,-1,-1,-1,-1,-1,-1,-1,-1,-1,-1,-1,-1,-1,-1,-1,-1,-1,-1,-1,-1,-1,20028,-1,-1,-1,-1,-1,-1,-1,-1,-1,20038,-1,-1,-1,-1,-1,-1,-1,-1,-1,-1,-1,-1,-1,-1,-1,-1,-1,-1,-1,-1,-1,-1,-1,-1,-1,-1,-1,-1,-1
79,-1,-1,-1,24 632 32 640,-1,-1,-1,-1,-1,-1,-1,-1,-1,-1,-1,-1,-1,-1,-1,-1,-1,-1,-1,-1,-1,-1,-1,-1,-1,-1,-1,-1,-1,-1,-1,-1,-1,-1,-1,-1,-1,-1,-1,-1,-1,-1,-1,-1,-1,-1,-1,-1,-1,-1,-1,-1,-1,-1,-1,-1,20284,-1,-1,-1,-1,-1,-1,-1,-1,-1,20294,-1,-1,-1,-1,-1,-1,-1,-1,-1,-1,-1,-1,-1,-1,-1,-1,-1,-1,-1,-1,-1,-1,-1,-1,-1,-1,-1,-1,-1
80,-1,-1,-1,24 640 32 648,32 640 40 648,40 640 48 648,48 640 56 648,56 640 64 648,-1,-1,-1,-1,-1,-1,-1,-1,-1,-1,-1,-1,-1,-1,-1,-1,-1,-1,-1,-1,-1,-1,-1,-1,-1,-1,-1,-1,-1,-1,-1,-1,-1,-1,-1,-1,-1,-1,-1,-1,-1,-1,-1,-1,-1,-1,-1,-1,20536,20537,20538,20539,20540,20541,20542,20543,20544,20545,20546,20547,20548,20549,20550,20551,-1,-1,-1,-1,-1,-1,-1,-1,-1,-1,-1,-1,-1,-1,-1,-1,-1,-1,-1,-1,-1,-1,-1,-1,-1,-1,-1,-1
81,-1,-1,-1,-1,-1,40 648 48 656,48 648 56 656,56 648 64 656,-1,-1,-1,-1,-1,-1,-1,-1,-1,-1,-1,-1,-1,-1,-1,-1,-1,-1,-1,-1,-1,-1,-1,-1,-1,-1,-1,-1,-1,-1,-1,-1,-1,-1,-1,-1,-1,-1,-1,-1,-1,-1,-1,-1,-1,-1,-1,-1,20792,20793,20794,20795,20796,20797,20798,20799,20800,20801,20802,20803,20804,20805,20806,20807,-1,-1,-1,-1,-1,-1,-1,-1,-1,-1,-1,-1,-1,-1,-1,-1,-1,-1,-1,-1,-1,-1,-1,-1,-1,-1,-1,-1
82,-1,-1,-1,-1,-1,40 656 48 664,48 656 56 664,56 656 64 664,-1,-1,-1,-1,-1,-1,-1,-1,-1,-1,-1,-1,-1,-1,-1,-1,-1,-1,-1,-1,-1,-1,-1,-1,-1,-1,-1,-1,-1,-1,-1,-1,-1,-1,-1,-1,-1,-1,-1,-1,-1,-1,-1,-1,-1,-1,-1,-1,21048,21049,21050,21051,21052,21053,21054,21055,21056,21057,21058,21059,21060,21061,21062,21063,-1,-1,-1,-1,-1,-1,-1,-1,-1,-1,-1,-1,-1,-1,-1,-1,-1,-1,-1,-1,-1,-1,-1,-1,-1,-1,-1,-1
83,-1,-1,-1,-1,-1,40 664 48 672,48 664 56 672,56 664 64 672,-1,-1,-1,-1,-1,-1,-1,-1,-1,-1,-1,-1,-1,-1,-1,-1,-1,-1,-1,-1,-1,-1,-1,-1,-1,-1,-1,-1,-1,-1,-1,-1,-1,-1,-1,-1,-1,-1,-1,-1,-1,-1,-1,-1,-1,-1,-1,-1,21304,21305,21306,21307,21308,21309,21310,21311,21312,21313,21314,21315,21316,21317,21318,21319,-1,-1,-1,-1,-1,-1,-1,-1,-1,-1,-1,-1,-1,-1,-1,-1,-1,-1,-1,-1,-1,-1,-1,-1,-1,-1,-1,-1
84,-1,-1,-1,24 672 32 680,32 672 40 680,40 672 48 680,48 672 56 680,56 672 64 680,64 672 72 680,72 672 80 680,80 672 88 680,88 672 96 680,-1,-1,-1,-1,-1,-1,-1,-1,160 672 168 680,168 672 176 680,176 672 184 680,184 672 192 680,192 672 200 680,200 672 208 680,208 672 216 680,216 672 224 680,-1,-1,-1,-1,-1,-1,-1,-1,288 672 296 680,296 672 304 680,304 672 312 680,312 672 320 680,320 672 328 680,328 672 336 680,336 672 344 680,344 672 352 680,-1,-1,-1,-1,-1,-1,-1,-1,21556,21557,21558,21559,21560,21561,21562,21563,21564,21565,21566,21567,-1,-1,-1,-1,-1,-1,21574,21575,21576,21577,21578,21579,-1,-1,-1,-1,-1,-1,-1,-1,21588,21589,21590,21591,21592,21593,21594,21595,-1,-1,-1,-1,-1,-1,-1,-1
85,-1,-1,-1,24 680 32 688,32 680 40 688,40 680 48 688,48 680 56 688,56 680 64 688,64 680 72 688,72 680 80 688,80 680 88 688,88 680 96 688,-1,-1,-1,-1,-1,-1,-1,-1,160 680 168 688,-1,-1,-1,-1,-1,-1,21787,-1,-1,-1,-1,-1,-1,-1,-1,288 680 296 688,-1,-1,-1,-1,-1,-1,21803,-1,-1,-1,-1,-1,-1,-1,-1,21812,-1,-1,-1,-1,-1,-1,-1,-1,-1,-1,21823,-1,-1,-1,-1,-1,-1,21830,21831,21832,21833,21834,21835,-1,-1,-1,-1,-1,-1,-1,-1,21844,21845,21846,21847,21848,21849,21850,21851,-1,-1,-1,-1,-1,-1,-1,-1
86,-1,-1,-1,24 688 32 696,-1,-1,-1,-1,-1,-1,-1,-1,-1,-1,-1,-1,-1,-1,-1,-1,160 688 168 696,-1,-1,-1,-1,-1,-1,22043,-1,-1,-1,-1,-1,-1,-1,-1,288 688 296 696,-1,-1,-1,-1,-1,-1,22059,-1,-1,-1,-1,-1,-1,-1,-1,22068,-1,-1,-1,-1,-1,-1,-1,-1,-1,-1,22079,-1,-1,-1,-1,-1,-1,22086,-1,-1,-1,-1,-1,-1,-1,-1,-1,-1,-1,-1,-1,-1,-1,-1,-1,-1,-1,-1,-1,-1,-1,-1,-1,-1,-1,-1,-1
87,-1,-1,-1,24 696 32 704,-1,-1,-1,-1,-1,-1,-1,-1,-1,-1,-1,-1,-1,-1,-1,-1,160 696 168 704,-1,-1,-1,-1,-1,-1,22299,-1,-1,-1,-1,-1,-1,-1,-1,288 696 296 704,-1,-1,-1,-1,-1,-1,22315,-1,-1,-1,-1,-1,-1,-1,-1,22324,-1,-1,-1,-1,-1,-1,-1,-1,-1,-1,22335,-1,-1,-1,-1,-1,-1,22342,-1,-1,-1,-1,-1,-1,-1,-1,-1,-1,-1,-1,-1,-1,-1,-1,-1,-1,-1,-1,-1,-1,-1,-1,-1,-1,-1,-1,-1
88,-1,-1,-1,24 704 32 712,-1,-1,-1,-1,-1,-1,-1,-1,-1,-1,-1,-1,-1,-1,-1,-1,160 704 168 712,-1,-1,-1,-1,-1,-1,22555,-1,-1,-1,-1,-1,-1,-1,-1,288 704 296 712,-1,-1,-1,-1,-1,-1,22571,-1,-1,-1,-1,-1,-1,-1,-1,22580,-1,-1,-1,-1,-1,-1,-1,-1,-1,-1,22591,-1,-1,-1,-1,-1,-1,22598,-1,-1,-1,-1,-1,-1,-1,-1,-1,-1,-1,-1,-1,-1,-1,-1,-1,-1,-1,-1,-1,-1,-1,-1,-1,-1,-1,-1,-1
89,-1,-1,-1,24 712 32 720,-1,-1,-1,-1,-1,-1,-1,-1,-1,-1,-1,-1,-1,-1,-1,-1,160 712 168 720,-1,-1,-1,-1,-1,-1,22811,-1,-1,-1,-1,-1,-1,-1,-1,288 712 296 720,-1,-1,-1,-1,-1,-1,22827,-1,-1,-1,-1,-1,-1,-1,-1,22836,-1,-1,-1,-1,-1,-1,-1,-1,-1,-1,22847,-1,-1,-1,-1,-1,-1,22854,-1,-1,-1,-1,-1,-1,-1,-1,-1,-1,-1,-1,-1,-1,-1,-1,-1,-1,-1,-1,-1,-1,-1,-1,-1,-1,-1,-1,-1
90,-1,-1,-1,24 720 32 728,-1,-1,-1,-1,-1,-1,-1,-1,-1,-1,-1,-1,-1,-1,-1,-1,160 720 168 728,-1,-1,-1,-1,-1,-1,23067,-1,-1,-1,-1,-1,-1,-1,-1,288 720 296 728,-1,-1,-1,-1,-1,-1,23083,-1,-1,-1,-1,-1,-1,-1,-1,23092,-1,-1,-1,-1,-1,-1,-1,-1,-1,-1,23103,-1,-1,-1,-1,-1,-1,23110,-1,-1,-1,-1,-1,-1,-1,-1,-1,-1,-1,-1,-1,-1,-1,-1,-1,-1,-1,-1,-1,-1,-1,-1,-1,-1,-1,-1,-1
91,-1,-1,-1,24 728 32 736,-1,-1,-1,-1,-1,-1,-1,-1,-1,-1,-1,-1,-1,-1,-1,-1,160 728 168 736,-1,-1,-1,-1,-1,-1,23323,-1,-1,-1,-1,-1,-1,-1,-1,288 728 296 736,-1,-1,-1,-1,-1,-1,23339,-1,-1,-1,-1,-1,-1,-1,-1,23348,23349,23350,23351,23352,23353,23354,23355,23356,23357,23358,23359,-1,-1,-1,-1,-1,-1,23366,-1,-1,-1,-1,-1,-1,-1,-1,-1,-1,-1,-1,-1,-1,-1,-1,-1,-1,-1,-1,-1,-1,-1,-1,-1,-1,-1,-1,-1
92,-1,-1,-1,24 736 32 744,32 736 40 744,40 736 48 744,48 736 56 744,56 736 64 744,64 736 72 744,72 736 80 744,80 736 88 744,88 736 96 744,96 736 104 744,104 736 112 744,112 736 120 744,120 736 128 744,128 736 136 744,136 736 144 744,144 736 152 744,152 736 160 744,160 736 168 744,168 736 176 744,176 736 184 744,184 736 192 744,192 736 200 744,200 736 208 744,208 736 216 744,216 736 224 744,224 736 232 744,232 736 240 744,240 736 248 744,248 736 256 744,256 736 264 744,264 736 272 744,272 736 280 744,280 736 288 744,288 736 296 744,296 736 304 744,304 736 312 744,312 736 320 744,320 736 328 744,328 736 336 744,336 736 344 744,344 736 352 744,23596,23597,23598,23599,23600,23601,23602,23603,23604,23605,23606,23607,23608,23609,23610,23611,23612,23613,23614,23615,23616,23617,23618,23619,23620,23621,23622,23623,23624,23625,23626,23627,23628,23629,23630,23631,23632,23633,23634,23635,-1,-1,-1,-1,-1,-1,-1,-1,23644,23645,23646,23647,23648,23649,23650,23651
93,-1,-1,-1,-1,-1,-1,-1,-1,-1,-1,-1,-1,-1,-1,-1,-1,-1,-1,-1,-1,-1,-1,-1,-1,-1,-1,-1,-1,-1,-1,-1,-1,-1,-1,-1,-1,-1,-1,-1,-1,-1,-1,-1,-1,-1,-1,-1,-1,-1,-1,-1,-1,-1,-1,-1,-1,-1,-1,-1,-1,-1,-1,-1,-1,-1,-1,-1,-1,-1,-1,23878,23879,23880,23881,23882,23883,23884,23885,23886,23887,23888,23889,23890,23891,-1,-1,-1,-1,-1,-1,-1,-1,23900,23901,23902,23903,23904,23905,23906,23907
94,-1,-1,-1,-1,-1,-1,-1,-1,-1,-1,-1,-1,-1,-1,-1,-1,-1,-1,-1,-1,-1,-1,-1,-1,-1,-1,-1,-1,-1,-1,-1,-1,-1,-1,-1,-1,-1,-1,-1,-1,-1,-1,-1,-1,-1,-1,-1,-1,-1,-1,-1,-1,-1,-1,-1,-1,-1,-1,-1,-1,-1,-1,-1,-1,-1,-1,-1,-1,-1,-1,24134,-1,-1,-1,-1,-1,-1,-1,-1,-1,-1,-1,-1,-1,-1,-1,-1,-1,-1,-1,-1,-1,-1,-1,-1,-1,-1,-1,-1,-1
95,-1,-1,-1,-1,-1,-1,-1,-1,-1,-1,-1,-1,-1,-1,-1,-1,-1,-1,-1,-1,-1,-1,-1,-1,-1,-1,-1,-1,-1,-1,-1,-1,-1,-1,-1,-1,-1,-1,-1,-1,-1,-1,-1,-1,-1,-1,-1,-1,-1,-1,-1,-1,-1,-1,-1,-1,-1,-1,-1,-1,-1,-1,-1,-1,-1,-1,-1,-1,-1,-1,24390,-1,-1,-1,-1,-1,-1,-1,-1,-1,-1,-1,-1,-1,-1,-1,-1,-1,-1,-1,-1,-1,-1,-1,-1,-1,-1,-1,-1,-1
96,-1,-1,-1,-1,-1,-1,-1,-1,-1,-1,-1,-1,-1,-1,-1,-1,-1,-1,-1,-1,-1,-1,-1,-1,-1,-1,-1,-1,-1,-1,-1,-1,-1,-1,-1,-1,-1,-1,-1,-1,-1,-1,-1,-1,-1,-1,-1,-1,-1,-1,-1,-1,-1,-1,-1,-1,-1,-1,-1,-1,-1,-1,-1,-1,-1,-1,-1,-1,-1,-1,24646,-1,-1,-1,-1,-1,-1,-1,-1,-1,-1,-1,-1,-1,-1,-1,-1,-1,-1,-1,-1,-1,-1,-1,-1,-1,-1,-1,-1,-1
97,-1,-1,-1,-1,-1,-1,-1,-1,-1,-1,-1,-1,-1,-1,-1,-1,-1,-1,-1,-1,-1,-1,-1,-1,-1,-1,-1,-1,-1,-1,-1,-1,-1,-1,-1,-1,-1,-1,-1,-1,-1,-1,-1,-1,-1,-1,-1,-1,-1,-1,-1,-1,-1,-1,-1,-1,-1,-1,-1,-1,-1,-1,-1,-1,-1,-1,-1,-1,-1,-1,24902,-1,-1,-1,-1,-1,-1,-1,-1,-1,-1,-1,-1,-1,-1,-1,-1,-1,-1,-1,-1,-1,-1,-1,-1,-1,-1,-1,-1,-1
98,-1,-1,-1,-1,-1,-1,-1,-1,-1,-1,-1,-1,-1,-1,-1,-1,-1,-1,-1,-1,-1,-1,-1,-1,-1,-1,-1,-1,-1,-1,-1,-1,-1,-1,-1,-1,-1,-1,-1,-1,-1,-1,-1,-1,-1,-1,-1,-1,-1,-1,-1,-1,-1,-1,-1,-1,-1,-1,-1,-1,-1,-1,-1,-1,-1,-1,-1,-1,-1,-1,25158,-1,-1,-1,-1,-1,-1,-1,-1,-1,-1,-1,-1,-1,-1,-1,-1,-1,-1,-1,-1,-1,-1,-1,-1,-1,-1,-1,-1,-1
99,-1,-1,-1,-1,-1,-1,-1,-1,-1,-1,-1,-1,-1,-1,-1,-1,-1,-1,-1,-1,-1,-1,-1,-1,-1,-1,-1,-1,-1,-1,-1,-1,-1,-1,-1,-1,-1,-1,-1,-1,-1,-1,-1,-1,-1,-1,-1,-1,-1,-1,-1,-1,-1,-1,-1,-1,-1,-1,-1,-1,-1,-1,-1,-1,-1,-1,-1,-1,-1,-1,25414,-1,-1,-1,-1,-1,-1,-1,-1,-1,-1,-1,-1,-1,-1,-1,-1,-1,-1,-1,-1,-1,-1,-1,-1,-1,-1,-1,-1,-1
